client_id,age,income,loan_amount,loan_term,credit_score,employment_years,married,num_children,education_level,default
1,56,10767500,10685684,40,740,22,0,4,3,0
2,46,22976807,15321905,33,540,21,1,1,3,0
3,32,24277761,18958103,19,453,1,1,0,1,0
4,60,10291923,27973434,15,395,22,0,4,1,1
5,25,21931456,22217066,21,593,10,0,1,2,0
6,38,9796324,8536765,21,508,27,0,3,2,0
7,56,13643208,28914209,59,642,13,1,1,3,1
8,36,12373904,13103896,36,387,29,1,2,2,0
9,40,10112074,28090225,47,689,4,1,1,2,1
10,28,20967438,19673436,30,624,5,1,2,3,0
11,28,14138391,4138744,18,456,9,0,1,2,0
12,41,21496485,9535078,11,436,7,1,2,2,0
13,53,24449570,7935774,49,727,13,1,3,3,0
14,57,23982813,19144439,14,751,23,1,4,3,0
15,41,24062174,27220970,50,440,2,0,2,1,0
16,20,12713405,20205297,41,382,11,1,2,3,1
17,39,18265147,29844950,48,476,15,1,3,1,0
18,19,19563883,13033451,25,497,27,0,2,2,0
19,41,11742257,5273445,23,720,29,1,0,3,0
20,61,15961076,4184790,48,700,22,1,3,3,0
21,47,20489719,29072319,26,770,16,0,0,3,0
22,55,5609736,14926188,9,517,0,1,3,2,1
23,19,10060833,13529971,55,474,22,1,2,1,0
24,38,8638155,7681935,38,322,9,1,0,2,0
25,50,20161634,10963441,32,534,24,0,2,2,0
26,29,19163810,29093161,12,312,22,1,3,3,1
27,39,21646976,28214715,11,400,9,1,2,1,0
28,61,14225855,7689142,20,835,20,0,0,2,0
29,42,19869717,27336263,23,822,23,0,0,3,0
30,44,7238331,5990961,37,751,1,1,2,2,0
31,59,3135964,4646804,16,730,8,1,1,2,0
32,45,4155748,1647296,25,832,21,1,3,3,0
33,33,13433787,19326518,29,592,12,1,3,3,0
34,32,22702498,4122951,20,400,24,0,2,1,0
35,64,2873172,27844511,53,801,15,1,1,2,1
36,61,10910852,1800101,12,603,17,0,0,3,0
37,20,7655378,5100612,26,839,18,0,4,3,0
38,54,6873594,11348014,47,654,11,1,4,1,0
39,24,6063309,23655061,31,602,7,1,2,1,1
40,38,8941245,23791342,49,795,16,0,1,3,1
41,26,17876696,23015777,19,526,14,0,1,1,0
42,56,11451244,24116992,42,535,9,1,3,3,1
43,35,12175529,10353526,26,754,14,0,0,2,0
44,21,9817304,9885366,23,312,14,1,1,1,0
45,42,16150033,16292361,10,509,22,1,4,2,0
46,31,19606951,9121757,8,696,6,0,0,2,0
47,26,9021862,22420145,28,399,12,0,0,2,1
48,43,14218983,9417233,31,330,16,1,2,3,0
49,19,10351245,3833552,42,827,8,0,1,2,0
50,37,7282591,12820569,29,628,7,1,2,2,0
51,45,9483058,8376519,54,465,19,1,1,2,0
52,64,21339685,23479150,24,758,25,1,3,3,0
53,24,5086176,2276647,56,399,26,0,2,2,0
54,61,7345854,13431216,30,472,20,1,2,2,1
55,25,13683982,17040922,26,461,17,1,4,1,0
56,64,18320656,6416775,17,562,12,1,2,3,0
57,52,6883680,28693400,46,573,15,1,1,2,1
58,31,5681262,9704813,38,302,8,1,4,1,1
59,34,6633078,20822531,55,327,11,1,2,3,1
60,53,4609089,20921696,58,625,11,1,2,3,1
61,57,21285965,21348050,9,448,5,1,3,3,0
62,21,19691444,15497054,47,839,18,1,2,3,0
63,19,2953959,12319247,12,787,27,1,0,3,1
64,23,12578023,29030605,27,737,6,1,4,3,1
65,59,18264230,14913140,38,364,24,0,0,2,0
66,21,9905477,13494127,22,655,2,1,4,2,0
67,46,12016389,13006468,29,832,15,1,3,2,0
68,35,22146754,22605977,39,551,17,1,2,2,0
69,43,13630982,21717501,33,534,15,0,2,1,0
70,61,19122482,7851803,48,526,22,1,2,2,0
71,51,13460083,14045697,46,824,6,0,4,3,0
72,27,23314574,15566079,44,612,3,1,2,2,0
73,53,17586926,6742533,27,348,26,1,0,2,0
74,31,14392092,25101438,54,417,24,0,2,3,1
75,48,15899040,3627144,22,353,29,1,3,2,0
76,32,11496563,3825896,39,343,7,0,0,2,0
77,25,16034150,5936792,11,352,12,0,2,2,0
78,31,14190618,16315631,51,824,12,1,2,1,0
79,40,15904421,11427148,11,401,16,1,1,2,0
80,57,12321336,5876872,39,697,16,1,4,3,0
81,38,18559100,20517172,6,437,4,1,0,3,0
82,33,24052250,20397196,15,686,5,0,1,2,0
83,62,9553974,18498600,26,410,18,0,3,2,1
84,35,12750240,16099203,10,316,12,1,4,2,0
85,64,11803005,9908385,7,481,24,0,0,3,0
86,41,8097091,25493436,27,835,27,0,2,3,1
87,43,15428545,29865005,53,840,25,1,0,1,0
88,42,21955209,17320131,7,470,13,0,2,1,0
89,62,9705092,16165029,15,708,21,0,4,1,0
90,58,9583354,3887698,39,677,3,1,2,3,0
91,46,21908425,14565381,21,487,27,0,3,1,0
92,32,7813365,13619233,53,529,6,1,2,2,1
93,62,6057893,20209809,56,418,7,0,3,2,1
94,18,24468492,13417420,44,455,24,1,4,3,0
95,42,7397662,5031464,27,764,12,0,4,1,0
96,24,18413486,21167958,17,403,26,0,0,2,0
97,26,13606243,26322322,29,801,5,1,3,3,0
98,41,18643948,8357804,52,474,5,1,3,1,0
99,18,12688727,23910282,45,720,23,1,1,2,0
100,61,12288051,3887296,43,433,27,1,1,1,0
101,25,11828366,13977495,15,690,20,0,1,3,0
102,41,3805468,24307061,40,800,29,0,2,1,1
103,28,5427975,3736582,56,332,2,0,1,3,0
104,34,8356228,25733272,54,354,27,1,3,1,1
105,25,10514716,2100500,37,818,2,0,2,2,0
106,52,13548718,19353806,12,311,12,0,4,3,1
107,52,13618627,23371392,26,827,21,1,0,3,0
108,50,17043403,2961977,25,672,1,1,1,3,0
109,22,7525633,24827142,31,783,15,0,4,1,1
110,59,20857370,5032654,9,527,21,1,3,1,0
111,56,4244702,1664468,51,606,28,0,0,2,0
112,58,22154994,24277458,57,756,5,0,4,3,0
113,45,14920739,25677179,27,459,7,1,0,3,1
114,24,17727907,7978140,20,630,22,0,1,1,0
115,26,24512409,15521816,45,524,7,1,3,1,0
116,25,9726890,12748768,26,803,29,1,0,2,0
117,29,24674714,14611312,20,755,24,0,4,2,0
118,51,10357956,29451551,27,344,5,0,1,1,1
119,50,10204298,27045936,57,513,13,0,1,3,1
120,40,11451337,4037099,33,358,2,1,4,2,0
121,41,24620709,13384217,19,494,9,0,4,1,0
122,54,5386501,5828426,32,788,2,1,0,1,0
123,52,12367687,9100706,46,456,26,1,2,3,0
124,61,9395350,19820039,45,525,11,0,1,1,1
125,57,6588334,18825389,33,711,16,1,0,1,1
126,39,10464685,9379341,31,504,26,0,4,2,0
127,44,23105035,10890633,54,378,28,0,0,1,0
128,52,3255564,7579137,7,423,4,0,4,1,1
129,18,10930264,11980269,30,770,29,0,3,2,0
130,52,12673774,2912584,8,517,19,0,4,3,0
131,54,23201723,21554754,13,815,24,0,4,3,0
132,64,12440139,15178388,49,403,8,0,4,2,0
133,31,4792427,18002265,38,692,29,1,2,2,1
134,20,13309411,27483015,47,733,20,0,4,3,1
135,18,22134895,15846767,57,630,25,1,1,3,0
136,22,7748035,15677441,40,442,19,1,1,3,1
137,43,6390020,12250117,11,839,6,1,0,3,0
138,31,4681719,1747419,44,577,21,0,2,3,0
139,56,19667911,10468532,57,532,3,1,0,2,0
140,44,14583038,6438684,28,828,12,1,1,1,0
141,26,19615977,23807705,30,389,12,0,1,3,0
142,32,24130041,23315019,55,791,9,0,3,3,0
143,32,11688053,3380932,48,498,17,1,4,1,0
144,43,10887324,2654753,24,661,16,0,1,1,0
145,59,13529677,14685039,10,740,19,0,0,1,0
146,30,22098343,9793380,56,325,19,0,0,1,0
147,49,21336488,17673742,16,324,12,0,4,1,0
148,56,17863509,11104107,17,693,16,1,4,1,0
149,49,21053322,1571107,15,806,21,0,3,2,0
150,21,18591661,28241230,13,600,3,0,2,1,0
151,47,8575716,17064554,29,638,0,0,0,1,1
152,54,4002324,11905942,33,566,0,1,4,2,1
153,40,8262105,3086213,46,760,14,1,0,1,0
154,56,14715629,21135725,41,755,12,0,4,3,0
155,62,8671318,20556715,42,659,16,0,1,3,1
156,32,19271808,11302330,26,367,23,1,0,1,0
157,60,13634494,25091050,13,711,25,0,1,2,0
158,46,15799990,12199468,14,790,7,0,0,3,0
159,53,5578226,9937492,52,348,17,1,2,2,1
160,30,24926247,2999254,20,401,26,0,3,3,0
161,49,4427540,6044842,53,515,12,0,1,1,0
162,24,20492846,27153295,51,737,22,1,4,2,0
163,39,2318408,5156532,45,458,13,1,2,2,1
164,45,10856884,7592910,23,788,7,0,0,2,0
165,19,12543305,6561112,47,541,7,1,1,3,0
166,59,21894388,27867491,25,304,26,0,0,3,0
167,62,11272985,23160074,11,660,25,0,0,3,1
168,23,23012258,22794866,17,758,14,0,0,1,0
169,45,3898739,24965454,7,547,26,1,3,3,1
170,45,19794649,8909699,12,721,12,1,3,1,0
171,61,6661029,21394772,21,314,6,0,4,2,1
172,61,13149697,12255948,8,421,4,0,1,2,0
173,37,22455302,1258517,50,576,16,1,2,1,0
174,47,15757649,10745741,8,752,27,1,2,3,0
175,28,20358746,7428540,32,689,24,1,2,1,0
176,45,15427105,1705475,55,593,28,0,0,2,0
177,42,20864474,16560243,48,745,15,1,3,2,0
178,56,6856447,26913837,45,509,22,1,1,1,1
179,50,8857658,12177498,43,601,1,0,0,3,0
180,18,2996530,27417902,38,522,21,0,3,3,1
181,44,21378839,5338843,33,302,17,0,3,1,0
182,30,8231219,1424226,6,817,16,1,1,1,0
183,58,22886213,13056199,13,392,29,0,1,3,0
184,20,13292148,29433551,42,819,6,0,1,2,1
185,56,5364695,16843433,37,727,12,0,0,1,1
186,23,14966064,5117923,53,792,17,0,4,3,0
187,25,12580030,29768925,48,534,28,1,1,3,1
188,44,19822698,23390417,42,460,13,0,4,2,0
189,26,7786265,7303745,9,630,29,1,0,2,0
190,54,24685851,1698956,35,632,17,1,4,2,0
191,50,9487345,13290137,11,349,12,1,2,2,0
192,59,2570451,21180312,51,822,10,0,4,2,1
193,61,2967344,7278602,59,791,20,1,1,1,1
194,41,13243667,26920774,24,571,29,0,0,3,1
195,32,4412149,7143326,37,551,20,0,1,1,0
196,49,7398869,1175211,14,389,15,0,2,1,0
197,49,18405566,8519817,17,745,22,1,1,1,0
198,41,22129468,13481574,16,631,16,0,1,1,0
199,58,22510055,8412620,51,438,7,0,1,1,0
200,29,11427504,22035166,21,656,18,0,3,2,0
201,56,13686214,26431622,6,573,19,1,2,2,1
202,19,9022336,27696638,50,318,14,1,1,3,1
203,20,24546143,23825271,58,610,8,1,1,1,0
204,54,21655820,19660592,26,453,19,0,1,3,0
205,34,23105074,21668329,35,689,9,1,0,2,0
206,19,14485559,24798204,18,559,11,0,3,2,0
207,19,10652831,29186921,39,424,20,0,0,2,1
208,45,15691164,16848375,9,653,22,1,3,1,0
209,40,24761900,9544291,33,572,19,0,1,1,0
210,54,13707868,12392083,43,544,29,1,2,2,0
211,49,16246173,5730741,36,749,0,0,4,3,0
212,50,4694287,6605126,32,546,24,1,4,3,0
213,18,12055079,14952821,10,819,19,0,1,2,0
214,36,8511634,15394752,30,440,8,0,0,3,1
215,19,15781009,28153579,8,661,21,0,2,2,0
216,61,23398272,19683255,38,307,14,0,3,3,0
217,43,10976973,14149868,9,777,0,0,1,2,0
218,49,15407602,2455465,30,651,11,1,2,3,0
219,23,2703662,13581422,25,794,2,0,2,1,1
220,49,20082801,27159994,39,726,10,1,3,2,0
221,21,6092097,12098252,31,338,1,1,2,2,1
222,28,15769205,1211830,10,486,15,1,0,3,0
223,34,16013403,23216597,40,392,8,0,0,2,0
224,55,21436656,29728437,33,385,14,0,0,2,0
225,41,11988209,6987029,34,343,11,0,2,2,0
226,22,22720861,7516616,14,436,0,1,0,1,0
227,51,23272229,21106265,57,720,12,0,3,1,0
228,23,8094467,5755976,43,373,13,0,2,3,0
229,39,11623424,26687822,55,847,24,1,4,1,1
230,28,12353564,7897673,11,811,24,1,2,3,0
231,33,24294582,13448727,24,455,7,1,3,1,0
232,50,5448678,21523385,49,554,7,1,4,3,1
233,26,15942402,7002296,16,470,26,1,2,1,0
234,23,23988809,17852604,7,469,29,1,0,1,0
235,33,16493549,7810183,52,621,11,0,1,3,0
236,46,15490337,19552983,49,755,0,1,1,2,0
237,20,12669435,8983823,49,454,10,0,0,2,0
238,37,18642016,9373296,14,648,7,0,1,1,0
239,53,10370262,11718361,26,750,9,0,1,3,0
240,36,12174518,25245082,29,472,29,1,0,2,1
241,43,18541471,23271555,39,309,18,0,0,3,0
242,20,23623985,6877809,27,564,10,1,2,2,0
243,36,13484508,24173783,8,737,6,1,2,3,0
244,37,9449607,10886226,17,546,10,0,0,1,0
245,49,17713088,9002619,33,845,16,1,3,3,0
246,24,22820280,15978249,35,798,0,0,1,2,0
247,58,15839094,21798296,31,428,25,0,2,1,0
248,50,18701250,8667857,53,626,28,1,1,3,0
249,57,21380183,5428690,26,703,20,0,4,2,0
250,56,5438550,29655267,33,658,20,0,0,1,1
251,35,2076218,6439433,31,316,7,0,3,3,1
252,57,19547260,28724768,38,573,22,1,4,2,0
253,18,7579079,9889782,26,415,23,0,4,3,0
254,28,12935349,3881777,40,390,5,1,4,3,0
255,45,16318328,20526212,57,381,21,1,0,1,0
256,42,15061358,17972462,39,623,17,0,2,1,0
257,40,21962930,4696176,46,413,5,0,0,2,0
258,48,20505312,11732002,56,357,4,1,2,1,0
259,47,10736347,9899691,52,453,12,1,4,2,0
260,59,18354286,15697697,23,703,18,0,4,3,0
261,52,10860935,18789600,16,565,21,0,3,3,0
262,24,4694946,25920694,28,614,7,1,2,2,1
263,33,6229215,18644180,53,340,8,1,4,3,1
264,43,20699351,9437712,27,404,16,1,1,1,0
265,19,17105101,29222101,22,492,2,1,3,3,1
266,18,9021855,1863663,10,700,18,1,0,1,0
267,29,19755255,6783182,49,577,10,0,3,2,0
268,22,11288493,16821218,16,653,23,1,1,2,0
269,54,10997354,24757787,35,555,16,1,2,3,1
270,49,9352207,14147590,20,398,20,0,0,3,1
271,26,19277092,23111754,32,581,18,0,0,1,0
272,58,3962165,24126665,40,702,1,1,2,1,1
273,52,9985620,2206861,38,408,7,1,3,3,0
274,36,2611213,4119612,25,498,18,0,4,3,0
275,33,19545950,17179640,21,602,6,1,3,2,0
276,20,17794998,20668221,39,626,27,1,1,2,0
277,37,6241361,5936600,7,453,26,0,4,2,0
278,41,24288390,15648065,40,704,16,1,3,3,0
279,50,3839433,5736319,45,761,5,0,2,3,0
280,41,8569632,16578914,33,431,18,0,1,3,1
281,28,22449430,15160134,52,383,23,0,1,2,0
282,25,20803796,18034897,44,698,5,0,1,3,0
283,53,15291666,26259842,11,408,27,1,4,1,1
284,55,9507324,23406697,14,520,1,0,0,3,1
285,57,8202258,28164021,25,667,5,1,4,3,1
286,37,23116451,3054780,6,446,22,1,3,3,0
287,52,11880860,29605606,13,411,4,1,0,3,1
288,42,5526737,25768424,28,793,18,1,3,3,1
289,52,10790529,22200624,8,804,19,1,0,1,0
290,42,20786176,1842186,9,774,3,0,4,1,0
291,46,23232430,23129943,30,570,21,0,1,3,0
292,35,8918889,15578363,52,720,25,0,2,2,0
293,63,22593662,27659117,43,666,16,0,1,3,0
294,35,22153729,11939922,20,579,10,1,4,3,0
295,19,17823554,8116355,26,582,3,0,0,3,0
296,52,20715094,25003801,40,339,25,1,1,2,0
297,33,14790902,6538917,58,488,12,1,4,2,0
298,58,12473867,2124905,58,463,19,0,3,2,0
299,53,12864147,4105958,51,835,25,0,2,1,0
300,50,8193956,6559277,57,835,16,0,1,2,0
301,21,15579173,21035300,19,303,8,0,0,1,1
302,50,3705215,16315296,41,589,3,1,3,1,1
303,31,24214365,9593059,17,732,22,1,4,2,0
304,38,16529416,19757506,22,770,27,0,2,2,0
305,37,9271476,12812936,44,480,13,1,0,2,0
306,25,5266402,14138567,14,547,18,1,4,1,1
307,24,15489651,1403322,40,578,25,1,4,3,0
308,20,22886096,15748072,18,553,27,0,1,2,0
309,34,7499593,22088012,20,480,2,1,1,2,1
310,50,16072989,15752304,23,808,13,0,0,2,0
311,29,15126263,17055099,56,625,7,0,4,1,0
312,39,6261946,22958273,38,656,23,1,1,1,1
313,39,18867309,24794619,11,690,26,1,2,3,0
314,63,11944790,15952964,32,384,27,0,2,2,0
315,47,14800127,5077716,28,616,0,1,4,1,0
316,55,12392287,24718663,32,511,9,1,1,3,1
317,55,16338768,22814501,39,814,17,0,0,2,0
318,62,3732465,11479153,51,683,15,0,0,1,1
319,25,21950800,2908802,43,641,7,0,0,2,0
320,44,15109773,8334901,19,337,0,0,2,2,0
321,44,13045415,19325291,41,810,11,1,1,1,0
322,51,17175617,18271164,58,719,7,1,1,1,0
323,38,4859244,17035897,13,468,23,0,2,1,1
324,47,19663256,21946178,40,642,15,0,0,2,0
325,50,2322918,13132693,24,605,17,0,0,2,1
326,45,21023125,24297861,35,841,3,1,4,3,0
327,64,2116739,24467137,19,836,5,0,3,2,1
328,50,11675193,9383190,25,411,11,1,1,1,0
329,22,11168924,15931115,54,710,26,0,1,2,0
330,36,17985249,25005377,30,505,8,0,1,3,0
331,21,17016740,16329893,45,484,14,0,3,3,0
332,52,13878474,14296848,29,681,15,1,4,1,0
333,34,11755461,15143266,19,795,23,1,3,1,0
334,61,3014929,18557857,31,678,11,1,0,3,1
335,45,4420564,5466134,43,346,23,0,0,3,0
336,47,12971177,19331421,28,827,22,1,1,3,0
337,46,4653093,24384179,27,803,13,1,2,1,1
338,63,22080673,24428359,53,321,12,0,1,3,0
339,23,14811416,11093205,24,512,24,0,2,3,0
340,52,24666213,13154297,51,609,1,1,3,1,0
341,58,8944121,20328547,56,571,2,1,0,2,1
342,54,8238795,4127748,8,501,25,1,2,2,0
343,41,16157398,15722892,47,331,23,1,3,3,0
344,46,23544564,10223644,24,742,29,0,0,2,0
345,63,15672297,11758430,14,461,21,0,2,2,0
346,48,19493972,21778286,33,553,9,0,1,2,0
347,52,8790968,25142840,25,820,8,1,1,2,1
348,50,5751198,28554102,50,779,25,1,1,3,1
349,38,17732903,20661007,12,309,19,0,3,2,0
350,49,5138145,14863529,19,804,7,0,1,2,1
351,40,3226476,13569021,14,735,9,1,4,1,1
352,50,6184056,4496605,24,410,18,1,0,3,0
353,20,10960820,22725816,52,452,2,0,3,1,1
354,35,17016390,7416438,57,401,23,0,1,1,0
355,42,14807049,27471311,19,490,4,0,0,3,1
356,59,3500844,6311499,43,380,2,1,2,2,1
357,48,11317776,17413328,58,788,25,1,1,1,0
358,20,22220825,18085839,41,387,26,1,0,3,0
359,57,3400283,4647371,45,493,15,1,4,2,0
360,63,24704829,21074119,22,403,16,1,2,3,0
361,41,16142073,28433939,35,395,14,1,4,1,1
362,49,2691757,27356226,14,722,2,0,0,2,1
363,64,2390719,23775439,38,497,11,0,4,2,1
364,39,11916545,2147116,57,300,8,1,0,3,0
365,40,11538555,12345174,30,706,20,0,0,2,0
366,19,17713642,4772763,19,677,11,1,4,1,0
367,44,22115136,24255666,16,466,25,0,0,1,0
368,59,22073266,18087591,58,808,14,1,1,1,0
369,19,20895540,19903669,40,612,1,0,0,3,0
370,43,8827299,2271300,46,717,22,0,3,2,0
371,34,15579033,13048339,19,776,17,1,0,2,0
372,57,6902666,23015847,35,372,19,1,3,2,1
373,50,19653247,13776695,46,440,11,0,0,1,0
374,26,8232739,4842411,9,561,22,0,0,2,0
375,60,3270896,7310208,9,639,3,1,4,1,1
376,56,13952314,27181240,33,607,22,0,1,2,1
377,46,3059622,23904980,13,544,15,1,1,1,1
378,59,6422375,28480005,7,814,22,1,2,2,1
379,43,18770274,14687761,46,636,15,0,4,3,0
380,52,19155381,29570055,51,375,0,1,4,3,1
381,42,6131479,23636262,27,474,21,0,1,1,1
382,41,11400725,23811423,46,408,24,0,4,1,1
383,30,19192224,12654304,21,482,1,1,1,2,0
384,24,20409209,25718095,34,491,29,0,4,2,0
385,53,5351278,4341861,54,364,2,1,0,3,0
386,62,21119251,14116915,53,773,25,1,1,2,0
387,37,7703394,25136417,35,399,20,1,1,1,1
388,18,21545578,3615804,17,843,24,0,3,1,0
389,25,13415376,22089933,40,427,19,1,4,1,1
390,63,19947581,2982243,16,751,16,0,4,1,0
391,33,11068026,27857952,51,668,19,1,1,1,1
392,31,15283692,4413654,55,342,21,1,0,3,0
393,29,24708377,23763633,26,718,20,1,0,3,0
394,40,23628404,25640236,26,787,29,0,0,1,0
395,32,4721864,4270209,10,377,28,0,4,2,0
396,45,22724424,26381224,53,569,0,1,3,1,0
397,51,8984720,8323988,25,614,19,1,1,3,0
398,19,16189784,12045633,42,467,5,0,2,1,0
399,49,9733308,21101880,8,638,28,0,3,3,1
400,40,5875754,9210880,49,492,14,0,2,3,0
401,39,21482215,4594058,38,752,25,1,3,1,0
402,42,24075433,22361474,58,582,25,0,0,1,0
403,39,20101286,28301043,14,635,13,1,4,2,0
404,39,12912996,27912445,14,689,19,0,2,3,1
405,59,12047595,9117654,9,824,14,1,3,2,0
406,23,24564965,21989593,40,539,13,1,4,1,0
407,32,20439009,27410449,22,782,24,1,2,3,0
408,60,8576651,1233782,39,757,20,0,1,2,0
409,54,8867218,24683333,29,388,23,0,3,2,1
410,50,11004644,23889890,37,394,24,0,1,2,1
411,25,13780026,22586325,6,751,25,1,0,1,0
412,61,15963258,21512682,13,727,4,1,1,1,0
413,61,6987696,19360462,50,450,5,0,1,1,1
414,22,19206204,18503547,28,813,16,1,3,3,0
415,56,6084752,2794291,52,675,10,1,0,1,0
416,21,23152073,24130601,45,321,15,1,1,3,0
417,23,15143608,5952075,17,612,11,0,4,2,0
418,62,4977590,4898606,59,818,14,1,2,2,0
419,49,5297291,29148272,17,505,22,0,1,1,1
420,47,14191037,3878117,51,674,3,0,0,2,0
421,64,23671503,22258833,52,750,26,0,1,1,0
422,52,4490706,13670380,20,478,17,0,2,3,1
423,57,10047252,25151842,46,509,20,0,0,2,1
424,33,7254224,11431645,24,799,27,1,3,1,0
425,30,12880726,13774615,31,763,2,0,0,2,0
426,59,24992356,6287913,57,423,21,0,3,2,0
427,47,22515189,4733149,34,412,7,0,0,1,0
428,36,20979791,12476429,27,311,22,1,2,2,0
429,34,19241287,6316741,45,425,2,1,2,2,0
430,36,23158353,3804802,26,630,7,1,0,2,0
431,45,23689432,5157263,56,582,17,1,1,2,0
432,43,12563214,5488198,43,439,9,0,2,3,0
433,54,16143385,27779149,25,700,24,0,3,2,0
434,43,22275688,13001352,34,396,19,1,3,2,0
435,40,3564718,10515406,56,816,16,1,4,1,1
436,26,23916959,20510676,9,368,7,1,3,3,0
437,29,12523401,8084609,12,417,22,1,4,1,0
438,18,11991183,23993754,33,358,10,0,0,1,1
439,18,16488262,21892578,33,332,28,1,0,1,0
440,64,5813270,11091985,9,617,4,1,0,3,1
441,51,6806425,19029773,27,349,25,1,1,1,1
442,49,21156053,12720657,17,788,12,1,1,1,0
443,42,8123769,2490687,50,318,20,1,4,1,0
444,57,3524102,14070601,8,496,22,1,3,2,1
445,62,13579149,10311768,27,749,4,1,3,1,0
446,18,16324046,21834241,49,751,23,0,0,3,0
447,33,11052788,12991292,7,588,26,0,2,3,0
448,56,21160582,12336501,29,440,12,0,1,2,0
449,22,4035848,6272864,39,383,5,0,1,3,1
450,39,23900146,4788963,32,690,28,0,0,3,0
451,46,12828463,21652126,46,514,4,0,1,2,0
452,20,11913841,12540237,6,825,8,1,0,1,0
453,29,14356830,28425600,13,514,26,1,4,2,1
454,43,13457501,21145261,28,702,15,0,3,1,0
455,33,2838003,6185773,43,427,1,1,2,1,1
456,54,5433382,13728700,11,776,0,0,3,3,1
457,39,10670178,22609907,27,703,7,1,3,2,1
458,46,5395049,12021186,30,328,27,1,4,3,1
459,31,18843366,1968616,23,637,18,1,1,3,0
460,45,9429645,21994949,22,660,29,1,2,1,1
461,22,12822814,25691736,17,691,10,1,1,3,1
462,64,24858903,10639564,11,517,27,1,3,2,0
463,47,16801890,2490036,31,501,11,0,0,3,0
464,63,16514363,20646945,32,316,11,0,3,3,0
465,22,21324716,25362375,13,621,6,1,1,1,0
466,29,11388162,8179156,24,817,25,0,3,2,0
467,33,6193060,11197985,47,624,12,1,0,3,0
468,43,18911271,27231747,6,711,26,0,4,1,0
469,43,17170521,11109464,34,617,7,1,1,3,0
470,38,14267883,26721934,50,381,28,0,3,2,1
471,56,11084966,10352771,54,773,28,1,1,3,0
472,53,13984398,8904428,40,767,21,0,4,3,0
473,50,3841648,12401147,45,724,27,1,3,1,1
474,47,9132508,15113803,19,503,25,0,3,3,0
475,54,16949772,21979487,40,686,29,1,1,1,0
476,40,5828433,21820095,53,397,8,1,1,2,1
477,27,21512480,13070495,50,644,6,1,0,3,0
478,22,15594639,3322523,25,507,25,0,4,2,0
479,53,23225964,27379085,54,813,20,0,0,2,0
480,51,9152747,5746771,18,465,23,0,3,3,0
481,48,16790081,9640145,43,321,14,1,1,1,0
482,27,6137270,19533340,54,453,1,0,3,2,1
483,36,6317922,18618747,51,738,22,1,3,2,1
484,49,14504233,1864645,54,594,19,0,2,3,0
485,18,3020154,2428127,13,518,24,0,2,3,0
486,22,6945169,22907292,48,794,11,0,3,3,1
487,62,8733215,9859690,25,529,0,0,1,3,0
488,21,14465759,11309885,38,319,22,1,3,3,0
489,33,10195810,5254849,31,447,21,0,2,3,0
490,41,9185197,8574587,44,407,7,0,1,1,0
491,33,8714301,24292566,26,702,4,1,3,2,1
492,19,13192304,16407570,58,782,14,1,4,1,0
493,45,17004124,16669534,54,666,0,0,4,1,0
494,49,16229748,29613618,47,713,0,0,3,3,1
495,44,15824747,9336900,48,608,24,1,1,2,0
496,37,12760888,19392993,59,433,9,1,3,1,0
497,41,13305231,29670729,46,582,21,1,3,3,1
498,29,13374857,4512664,14,372,9,0,2,3,0
499,52,17909784,15930561,29,780,20,0,4,2,0
500,50,3859582,1973181,42,651,14,0,2,1,0
501,50,15775236,12505418,54,625,16,1,2,1,0
502,60,20907101,19268849,46,742,21,1,3,1,0
503,54,16372528,14284604,22,399,5,1,2,3,0
504,29,6720642,10922462,29,358,2,0,4,2,1
505,20,15141133,3061774,26,807,12,1,2,2,0
506,18,2549239,3790358,56,557,15,0,4,1,0
507,50,7408753,21637778,44,712,7,1,2,3,1
508,57,21824785,29356488,46,751,29,0,4,1,0
509,27,15619492,7976610,44,364,14,0,2,2,0
510,60,15016728,19542740,18,453,16,1,2,3,0
511,61,18441775,19027848,16,565,16,0,1,1,0
512,46,11659072,7210715,51,378,21,1,4,1,0
513,30,19562548,28488445,24,614,25,0,4,3,0
514,29,16376941,26303302,16,547,12,1,4,2,0
515,48,2397710,21020303,18,713,16,1,0,3,1
516,63,8503216,18686927,51,324,5,0,2,1,1
517,19,6317048,4711584,50,583,16,1,4,1,0
518,52,16133434,7913283,6,748,15,0,0,1,0
519,40,21965945,2619715,45,600,13,1,1,1,0
520,34,6785956,20367526,49,367,12,1,4,2,1
521,43,23882940,11016295,24,306,5,1,4,2,0
522,25,7025764,7314768,17,436,2,1,0,1,0
523,46,16918570,27126436,13,463,13,0,2,2,0
524,43,13238779,26101670,13,382,13,1,1,2,1
525,27,17110853,9815995,58,719,14,1,4,2,0
526,43,19687991,7726451,50,372,7,0,2,1,0
527,51,7954878,9064220,17,536,28,0,1,3,0
528,58,24705213,29812083,53,345,14,0,3,3,0
529,24,19336140,16478907,38,561,21,0,3,3,0
530,21,22658401,19321829,50,475,28,0,1,1,0
531,62,14762264,19074854,31,465,26,0,0,2,0
532,28,7004998,24912113,44,669,12,1,1,2,1
533,46,12679043,25525886,33,353,16,0,1,1,1
534,53,23943866,14018596,10,718,20,1,0,1,0
535,42,15497927,17285299,13,806,23,0,0,3,0
536,38,24470291,28319998,30,640,2,1,2,3,0
537,53,10109916,20207741,32,426,27,1,2,1,1
538,27,7193278,25216319,51,708,5,1,0,3,1
539,54,19208629,12483618,28,666,4,0,3,2,0
540,26,12812658,3456070,35,570,21,0,3,1,0
541,41,22942316,9878234,50,678,25,0,1,1,0
542,52,15534573,1288859,52,372,16,0,4,2,0
543,52,19640777,22785557,28,547,22,1,1,2,0
544,53,2302186,22526982,54,342,24,0,1,2,1
545,35,21984609,19323452,52,676,1,1,4,3,0
546,56,7489464,16805013,25,340,25,1,0,1,1
547,49,9456985,13390020,23,469,14,0,3,3,0
548,41,19803769,14824509,23,511,4,0,1,2,0
549,40,18727556,28456694,7,792,25,0,4,3,0
550,49,15551364,9982913,9,338,19,1,2,2,0
551,54,22521013,5257341,35,668,5,0,1,3,0
552,29,3514542,21537050,38,450,5,1,3,3,1
553,30,6180656,20405204,41,410,26,0,0,2,1
554,40,13318792,16321333,23,779,17,1,1,3,0
555,42,17135763,6477093,42,735,17,0,1,1,0
556,52,13683705,9592974,24,346,3,0,4,3,0
557,58,8846192,18279636,52,665,16,1,2,3,1
558,47,10676924,11640009,33,368,24,0,2,1,0
559,34,12397562,6529046,45,598,13,0,0,2,0
560,37,3829553,19456377,25,595,13,0,3,1,1
561,42,5041341,10426807,54,502,12,0,0,3,1
562,39,19816720,18438118,38,360,6,0,1,2,0
563,30,16315679,8562116,17,613,11,0,1,3,0
564,36,12493666,19315328,56,460,22,0,2,3,0
565,53,23765239,14691916,20,630,14,1,3,1,0
566,29,17527000,19503892,46,827,18,1,4,1,0
567,58,20453059,27535897,44,637,10,0,3,2,0
568,36,10423309,19463212,7,603,14,0,1,2,1
569,29,5229028,16220404,34,802,11,0,4,2,1
570,26,20498826,21023633,46,637,2,1,3,3,0
571,24,12569320,10091044,15,849,16,1,3,1,0
572,45,4339767,28709612,7,574,2,0,4,1,1
573,31,21391451,16336095,56,463,18,1,1,1,0
574,48,2491036,15942371,16,742,19,0,3,2,1
575,36,24824130,19129360,18,618,3,0,4,1,0
576,64,12851224,2551330,15,803,2,0,1,1,0
577,33,4710241,1971248,19,686,25,0,4,1,0
578,22,13822411,5657851,23,793,15,1,4,2,0
579,52,19920169,24472522,56,789,11,1,3,1,0
580,29,22738568,6378750,59,372,7,0,1,2,0
581,42,5978702,3607411,14,808,23,1,3,1,0
582,38,10168984,2693439,44,689,28,1,0,1,0
583,53,19104132,19608310,33,594,28,0,0,1,0
584,40,5597706,4437172,8,668,16,1,1,2,0
585,33,6506554,17604953,25,848,6,0,4,2,1
586,56,2605409,10447933,11,486,10,0,3,1,1
587,62,11462743,7919875,32,744,17,0,3,3,0
588,59,13377787,23700577,58,662,0,0,1,2,1
589,56,23827621,19740787,7,422,2,1,1,2,0
590,31,10337735,6542511,34,487,3,0,0,1,0
591,48,3725690,13807931,43,719,12,1,2,3,1
592,22,22057988,15058065,8,551,5,0,1,1,0
593,52,10197295,26763042,21,848,25,0,2,2,1
594,40,17840857,4815144,35,634,13,1,1,2,0
595,46,7809041,21213468,45,391,4,0,4,1,1
596,60,14546501,17541107,7,829,15,1,4,1,0
597,28,7087268,1817052,22,362,14,1,0,3,0
598,35,8155579,28151781,46,811,14,0,0,3,1
599,64,2403119,8596585,17,438,29,0,2,2,1
600,29,17338444,17177172,40,484,3,0,1,3,0
601,26,18556827,14302313,48,504,7,0,3,3,0
602,27,14708903,7269324,6,513,26,0,0,2,0
603,61,2402732,2428080,50,555,15,0,3,2,0
604,34,19283295,10490536,20,434,27,1,3,2,0
605,55,3950013,3521279,31,387,15,1,1,2,0
606,24,3132658,25281104,42,506,29,0,2,1,1
607,63,20762425,11488951,26,428,3,1,1,2,0
608,30,6322626,13485000,54,302,12,1,0,2,1
609,57,19434167,23897064,36,420,25,0,3,2,0
610,59,22256807,3726016,30,684,27,0,1,3,0
611,26,15881178,19021505,28,337,12,1,1,2,0
612,44,23981132,1442939,29,640,1,0,1,1,0
613,19,8026988,27218031,43,320,2,1,0,1,1
614,22,17590661,21060188,33,541,21,0,2,2,0
615,46,4366610,26470048,26,754,7,1,1,1,1
616,54,6180303,22191689,59,602,23,1,0,3,1
617,55,11456807,3711793,48,368,14,1,3,2,0
618,36,15305947,14135871,23,428,10,1,4,1,0
619,25,6684346,15278587,41,495,8,0,0,1,1
620,62,2458298,3319124,40,439,6,0,4,2,0
621,18,19824559,21700443,50,743,12,1,1,1,0
622,39,24496936,19850506,14,582,1,1,1,2,0
623,34,6620650,15021366,58,611,7,0,0,1,1
624,24,20532908,14331233,43,834,6,0,4,3,0
625,42,11272664,16188743,35,576,23,1,1,1,0
626,62,3730228,20296186,49,360,11,1,3,1,1
627,21,3946793,21667093,39,618,18,1,2,2,1
628,53,20346339,17566471,37,351,6,1,2,1,0
629,23,8115518,2727408,8,452,9,1,1,2,0
630,48,17797914,20578958,8,610,28,0,4,3,0
631,36,13667877,29254096,33,843,24,1,1,2,0
632,61,9393979,18832891,49,688,15,0,4,2,1
633,56,12115078,23794070,20,847,2,0,3,1,0
634,44,3622572,12952983,46,476,29,0,4,3,1
635,27,21997497,8436754,28,661,9,1,1,2,0
636,43,21467000,18742404,45,613,5,0,3,1,0
637,36,19486878,14137311,16,396,17,0,0,1,0
638,56,24098345,17751531,53,512,17,0,2,2,0
639,20,18620937,19938304,37,436,4,0,1,1,0
640,62,10859060,25795222,59,305,20,1,1,2,1
641,30,7672605,3320484,41,408,28,1,1,2,0
642,45,12528294,5105223,38,846,6,0,3,2,0
643,37,21369886,12211596,29,338,27,0,0,3,0
644,45,6810833,29634616,44,724,1,1,4,2,1
645,25,8417665,18264726,39,560,10,1,0,1,1
646,58,19219277,24132202,33,725,29,1,3,3,0
647,56,5761675,12963776,42,386,12,0,1,1,1
648,18,21858544,8609964,12,764,22,1,2,3,0
649,20,24148328,23572466,9,375,4,0,1,3,0
650,30,10551646,5055447,42,770,29,0,4,3,0
651,45,9281505,17342498,6,713,5,1,2,3,0
652,42,7124795,19451095,6,756,23,0,1,1,1
653,50,7411263,19557968,52,584,25,1,2,2,1
654,55,5963735,15501508,25,538,28,0,0,1,1
655,23,16812143,4293331,24,671,13,1,3,2,0
656,61,10989138,14457684,34,794,11,0,1,1,0
657,62,15810077,21541671,15,344,3,0,4,3,0
658,49,14037574,8253817,23,700,28,1,0,3,0
659,62,11466441,5335518,33,546,22,1,1,2,0
660,64,12966248,26568906,40,749,5,1,0,2,0
661,38,10824031,9589747,48,784,9,1,4,1,0
662,33,19970145,6222798,52,317,17,0,1,2,0
663,38,8555035,21681938,36,588,14,1,4,1,1
664,28,12052829,22992838,32,713,7,1,2,2,0
665,54,17886372,12135474,16,534,25,0,4,2,0
666,53,6068316,24656987,54,715,8,1,2,2,1
667,52,10067987,15082610,54,798,4,1,1,3,0
668,36,3656671,10596394,43,414,9,0,2,3,1
669,37,24458851,26258425,10,533,19,1,1,1,0
670,35,24922481,20952900,13,839,5,1,1,2,0
671,64,10527171,12772676,39,310,15,1,3,1,0
672,58,19560282,18406301,53,505,23,1,1,2,0
673,31,11943231,11348533,57,546,26,1,2,3,0
674,32,23677072,29175711,17,426,2,1,3,3,0
675,48,22833173,27683911,43,446,9,0,3,2,0
676,18,19375113,11401929,6,417,10,1,1,2,0
677,20,22718453,23849061,36,681,10,0,4,3,0
678,33,11161408,20295854,9,711,16,0,4,3,0
679,40,15885461,18380319,54,662,3,0,3,1,0
680,28,18011737,2989968,50,808,3,0,1,3,0
681,29,20820215,28411678,55,436,16,1,4,2,0
682,27,5659985,6303943,10,474,8,1,1,1,0
683,49,20680113,16453951,35,588,18,1,1,2,0
684,33,22353727,6497191,29,780,4,0,3,1,0
685,25,19941166,15121422,8,318,21,1,3,2,0
686,55,2549148,12004849,16,494,23,1,0,3,1
687,29,4773707,12232194,50,629,5,1,4,2,1
688,41,23845218,19034224,9,474,2,0,4,1,0
689,45,4773939,24250723,31,748,21,0,4,2,1
690,25,3935740,25214909,32,653,0,1,2,1,1
691,45,5434955,13458819,51,798,19,0,1,2,1
692,53,6936710,6137997,59,440,21,0,3,3,0
693,43,15426716,15084264,48,392,15,1,4,3,0
694,25,7155872,29782808,32,538,22,0,0,2,1
695,45,16163589,8270518,47,504,10,0,4,2,0
696,45,21954542,13406973,56,732,12,1,1,2,0
697,54,20331726,23289150,55,544,26,0,1,1,0
698,58,22540338,9173321,11,616,9,0,3,2,0
699,53,12774986,8899284,20,594,2,0,2,2,0
700,44,17495737,2003171,58,581,8,0,3,1,0
701,34,6421590,17147083,35,316,27,0,4,3,1
702,26,4534937,24992154,47,370,11,0,0,2,1
703,50,13546081,15636519,42,568,22,0,3,2,0
704,37,2812461,20677953,42,624,13,0,2,3,1
705,30,23204252,2370485,47,604,0,1,3,3,0
706,45,20495440,8045900,42,750,17,1,1,1,0
707,46,4710626,19458292,40,306,16,1,4,2,1
708,30,13369960,27777759,28,613,26,1,4,2,1
709,63,17404302,26278814,11,402,8,0,4,1,0
710,52,8440010,23089615,9,492,8,1,4,3,1
711,23,10674163,1981883,23,828,22,1,4,1,0
712,35,19221407,2668321,14,470,9,0,4,3,0
713,22,20279553,14296138,54,836,18,0,0,1,0
714,64,5486669,21070921,34,550,28,0,2,3,1
715,42,16994515,11007310,18,686,14,0,4,1,0
716,19,5722946,7154512,52,506,4,0,2,3,0
717,27,11874813,27665895,57,840,14,1,4,3,1
718,47,13254507,21536721,22,715,19,0,3,3,0
719,62,2224695,26192630,50,679,22,1,4,3,1
720,22,13370075,6418952,37,443,29,1,1,3,0
721,50,22218844,22386904,53,324,24,0,0,2,0
722,18,16063918,5264423,27,372,27,1,3,3,0
723,35,17388755,11262330,9,392,1,1,3,2,0
724,49,11799314,14816653,10,804,12,0,1,3,0
725,64,5340216,9181883,42,635,23,1,4,2,0
726,28,22610500,26083897,46,724,15,1,0,2,0
727,38,15245696,16309784,54,798,14,1,3,1,0
728,43,3847865,24948053,18,663,24,0,0,3,1
729,42,16921595,2519603,39,498,9,0,3,1,0
730,39,16568974,28134365,50,712,13,0,4,1,0
731,44,17674529,28670483,27,638,9,1,3,3,0
732,30,11308092,19527956,58,728,24,0,3,1,0
733,50,23675170,18640619,28,438,13,1,2,3,0
734,51,6017136,10268511,56,841,25,0,4,1,0
735,58,15869848,17580018,8,356,29,1,1,3,0
736,52,19122071,18662637,47,531,22,0,1,3,0
737,18,7750283,22055600,39,734,8,0,4,3,1
738,38,3074961,23272887,37,683,24,1,1,2,1
739,23,23402894,1978836,50,493,13,0,4,1,0
740,45,13950571,21000738,56,833,2,1,1,2,0
741,34,21155151,15804511,54,817,19,0,2,1,0
742,22,19911322,19994397,26,484,15,0,1,1,0
743,48,14866619,9568438,51,591,1,1,3,1,0
744,22,4474968,19333734,49,634,9,1,4,2,1
745,55,8166160,12872752,26,415,2,1,0,1,1
746,20,24449756,3659083,49,348,10,0,0,2,0
747,40,15569332,21890856,16,381,10,1,4,3,0
748,54,24422023,22277614,44,632,20,0,2,1,0
749,54,24749774,10625105,9,634,20,1,1,1,0
750,27,4442266,14994132,56,831,21,1,2,3,1
751,27,6437677,22654924,6,520,12,1,0,3,1
752,36,15793267,10935869,33,622,6,1,4,1,0
753,34,11607366,8880317,29,302,22,1,4,3,0
754,38,7241218,27032007,40,505,16,1,2,2,1
755,31,23927851,26788717,18,339,29,0,2,2,0
756,26,7481140,9281447,52,358,1,1,1,1,1
757,63,6981262,14424877,39,806,11,0,3,2,0
758,18,23302424,13927622,16,421,24,1,3,2,0
759,62,7290717,4895958,41,778,9,1,1,1,0
760,30,2518349,24853258,56,395,17,1,3,3,1
761,21,21659206,26616981,22,713,21,0,0,1,0
762,18,2797968,14689493,40,534,26,0,3,2,1
763,57,24988627,2265898,23,361,10,1,1,1,0
764,49,4655971,16918424,45,555,15,0,3,1,1
765,51,17999496,3120539,27,647,16,1,4,2,0
766,45,24386341,18657628,29,423,18,1,2,2,0
767,48,21651515,6947148,24,781,17,0,0,1,0
768,25,9339838,4231185,42,616,2,0,4,2,0
769,56,15236949,28407105,44,803,20,0,4,2,0
770,43,18520181,29899868,26,347,26,0,1,2,1
771,51,16467188,25096980,13,708,25,1,2,2,0
772,20,20581889,26483699,33,435,15,0,2,2,0
773,29,4938199,23700314,10,500,5,0,0,2,1
774,18,17286855,19005553,22,549,24,1,1,3,0
775,61,10998604,12054686,42,613,11,0,0,1,0
776,22,6909776,18262030,41,667,10,0,3,2,1
777,47,18355399,26137138,59,728,14,0,4,1,0
778,47,17724308,10614742,24,779,14,0,0,3,0
779,34,11167121,21467799,32,613,15,1,4,2,1
780,64,5303389,28685931,58,799,9,1,1,1,1
781,40,10025407,27796492,39,654,11,0,3,2,1
782,32,23131601,14635242,16,784,27,0,1,2,0
783,54,16501229,2599908,59,510,12,1,3,2,0
784,38,15476005,19941628,50,343,3,0,3,2,0
785,31,13167263,6309792,52,840,6,0,4,2,0
786,19,5151882,3353847,17,391,21,0,1,2,0
787,28,5210016,12018754,59,564,1,0,1,2,1
788,56,8737320,3892478,26,519,25,0,0,3,0
789,55,4389383,19761333,59,741,26,0,1,3,1
790,51,18941269,11831890,16,700,26,0,0,2,0
791,55,16464087,14451286,44,699,26,0,2,2,0
792,51,24750760,6949852,33,789,14,0,2,3,0
793,35,7282379,1029725,10,784,7,1,2,3,0
794,47,11825144,27351398,22,769,6,1,1,3,1
795,32,4542637,15941550,25,744,14,1,1,2,1
796,44,10033951,10184536,46,568,22,0,0,1,0
797,51,13779534,15212223,51,566,13,0,3,1,0
798,55,6158549,18665252,17,353,7,1,0,1,1
799,50,11734816,17413806,11,827,27,0,2,1,0
800,41,23308105,20748999,22,819,11,1,0,2,0
801,32,12167207,3662761,56,358,12,0,3,1,0
802,47,10411039,15408889,24,339,29,1,1,3,1
803,59,18052465,7524559,31,536,10,1,0,3,0
804,34,11035616,20290240,53,685,16,1,2,1,0
805,22,10962049,28705858,49,599,28,0,2,3,1
806,46,14851424,20175299,49,694,16,1,1,2,0
807,21,10284960,24313511,57,506,23,0,0,1,1
808,27,20827165,28719138,37,635,3,0,3,1,0
809,34,10388512,14128927,11,813,20,0,1,2,0
810,27,20045516,21686655,41,477,7,0,0,3,0
811,34,3947763,14726569,43,695,4,0,4,2,1
812,37,9654502,6627745,16,670,25,0,2,2,0
813,41,5882149,4911146,38,617,15,0,3,3,0
814,22,23650278,27806744,29,668,3,1,3,2,0
815,51,10439469,2707017,28,683,27,1,3,3,0
816,23,17941617,1689556,20,361,21,1,2,3,0
817,19,6845710,28955071,32,804,28,0,0,2,1
818,30,22777953,12245869,16,538,14,0,1,3,0
819,60,11109609,29391654,56,494,11,0,0,2,1
820,60,16689142,25065754,55,521,4,0,1,3,0
821,28,14907824,3253722,22,360,29,1,3,1,0
822,64,17538122,2649729,56,428,22,0,0,3,0
823,40,16391234,17415656,58,455,15,1,3,3,0
824,33,3443717,2116271,19,677,13,0,4,2,0
825,48,6409352,11916876,32,736,9,1,3,3,0
826,28,23888358,4099555,23,506,6,0,3,1,0
827,33,17329502,23461013,33,687,12,1,1,1,0
828,25,11594271,19458857,56,779,19,0,4,3,0
829,21,10421928,14650521,52,639,27,1,3,3,0
830,57,18241927,18293625,52,639,28,0,3,1,0
831,21,10752967,18443381,9,503,4,1,4,2,1
832,42,15526705,20565579,12,460,28,1,4,1,0
833,20,3308507,16231184,50,839,2,0,0,1,1
834,49,22843837,14825997,40,691,14,1,1,3,0
835,20,11331795,22253537,53,833,3,0,4,3,0
836,44,17086909,4710388,14,369,14,0,4,1,0
837,46,14382318,4235192,13,704,13,0,2,2,0
838,49,11986298,28933715,57,816,19,1,4,1,1
839,36,2100734,29428874,50,419,18,1,1,1,1
840,38,10546310,27906511,22,516,12,0,3,2,1
841,22,21628490,2935090,22,355,9,0,3,1,0
842,35,20003027,26911006,54,665,20,1,3,1,0
843,45,5081091,4937270,38,803,4,1,3,3,0
844,59,18002437,7739013,37,754,26,1,2,2,0
845,39,22606265,8089975,13,403,22,0,4,3,0
846,38,13091989,9805586,24,376,19,0,3,3,0
847,23,20645886,18810532,43,529,28,0,0,2,0
848,18,14681730,5819075,8,557,19,0,3,2,0
849,22,9265406,12009646,10,563,24,0,4,1,0
850,58,14735272,15165372,18,630,5,1,3,3,0
851,29,23590889,12768963,52,481,3,0,2,2,0
852,43,6755469,15263315,51,849,1,1,1,3,1
853,63,17053770,15531095,36,326,21,1,1,3,0
854,51,23112918,27936309,21,575,15,0,4,2,0
855,31,9974411,22519513,55,598,17,1,1,1,1
856,43,16150540,4868452,37,390,4,0,1,3,0
857,62,13666968,28366868,27,779,21,1,0,2,0
858,44,21739948,9074037,34,757,3,0,4,1,0
859,26,3992825,2312743,27,750,29,0,4,3,0
860,43,5832978,28906918,48,664,12,1,1,2,1
861,64,8152941,14822356,8,650,18,0,1,3,0
862,39,6115811,25197321,59,699,22,1,1,2,1
863,64,10983212,11315813,15,552,1,0,2,2,0
864,47,12438535,13123053,47,758,12,0,3,3,0
865,60,21951324,17881411,26,798,10,0,2,3,0
866,34,4731638,8008443,21,807,29,1,4,2,0
867,43,19041716,23053944,17,603,21,1,0,1,0
868,53,12556086,21878252,7,800,28,0,3,3,0
869,18,21753247,17705808,46,465,3,1,0,2,0
870,25,4903633,10727094,29,714,21,0,4,2,1
871,52,24489029,19942467,40,761,19,1,4,1,0
872,32,3940369,10866460,35,413,19,1,0,1,1
873,64,22725458,8303693,35,732,14,0,0,1,0
874,39,10127125,20992066,52,655,3,0,0,3,1
875,31,19994276,11108631,40,506,8,0,4,2,0
876,43,19808735,12058916,24,534,6,0,1,2,0
877,45,16672183,8983439,55,741,18,0,0,2,0
878,40,6678714,29727993,13,654,18,1,3,1,1
879,31,10109698,26652099,31,814,5,1,4,2,1
880,41,16609307,26464695,54,507,5,0,2,3,0
881,19,20167497,9268541,45,424,19,0,2,1,0
882,62,22718322,10546263,12,437,14,0,3,1,0
883,43,4322466,20726497,35,638,14,1,1,1,1
884,31,9778748,25133277,12,836,24,0,0,1,1
885,24,10099932,2294929,8,367,19,0,4,3,0
886,20,20628533,3504594,6,840,8,1,0,2,0
887,64,3946830,19020510,41,682,3,1,4,3,1
888,40,21391366,21344891,30,318,17,1,2,2,0
889,63,9238987,8711634,42,749,17,1,0,3,0
890,60,11957168,27062640,6,373,4,0,3,1,1
891,64,6660061,16797566,20,575,19,1,1,1,1
892,62,4605214,29972909,42,347,22,1,3,3,1
893,35,9923641,3414802,18,510,29,0,1,3,0
894,55,4229180,17593301,45,839,10,0,0,2,1
895,52,12717207,1443031,13,490,4,0,0,3,0
896,32,17540627,27256492,10,614,21,1,1,3,0
897,42,18169764,17053323,14,412,25,0,2,2,0
898,54,11384451,16663645,6,469,3,1,4,2,0
899,45,6188891,24221561,41,767,28,1,3,2,1
900,27,18541035,20567589,40,313,11,1,3,3,0
901,56,11014653,29849268,7,587,1,0,3,2,1
902,34,16064147,21693859,45,488,12,1,0,1,0
903,56,22808635,8061183,28,454,9,0,3,1,0
904,39,6495511,21064274,14,770,8,0,4,1,1
905,43,20202161,12592111,39,374,9,0,4,3,0
906,61,4363999,27951340,51,576,6,1,1,1,1
907,42,11109096,23287709,19,642,3,1,0,3,1
908,34,6790691,1290998,9,724,18,1,4,3,0
909,30,23003105,5855920,35,810,9,0,2,1,0
910,37,11852415,19605238,36,481,29,1,0,2,1
911,42,21869411,7367712,43,757,2,1,0,3,0
912,21,19066318,12437201,16,363,24,1,4,1,0
913,27,11725345,19187070,40,559,20,1,2,3,0
914,20,18722851,8997043,13,492,28,1,1,2,0
915,58,16561193,1181360,8,705,18,0,4,2,0
916,62,13186361,20221242,19,392,20,0,2,1,1
917,35,6443778,20292635,18,729,1,0,0,3,1
918,64,22939281,6532410,50,733,26,0,2,3,0
919,53,2260116,5138286,37,703,19,1,0,3,1
920,64,8086368,27457034,39,733,9,0,4,3,1
921,39,13006745,15713851,50,411,1,1,4,1,1
922,51,22991495,12031669,24,674,1,0,3,2,0
923,64,13950831,9333100,43,358,27,0,3,1,0
924,25,3257949,7893728,21,342,23,0,3,3,1
925,57,15607851,21361413,7,506,16,1,4,3,0
926,61,13360589,15451971,45,595,15,1,1,2,0
927,36,22627457,18089171,22,417,15,0,4,3,0
928,59,7538166,19904815,39,831,13,1,2,1,1
929,58,14122948,28391022,47,521,6,0,4,1,1
930,54,2388076,5933594,21,465,20,0,4,2,1
931,23,23662013,27730894,43,455,10,0,0,1,0
932,43,17648245,16697605,7,483,23,1,0,1,0
933,51,17300411,29997166,7,389,0,0,0,1,1
934,62,7540070,17599117,31,393,10,0,4,1,1
935,23,8491878,22612667,18,312,22,0,1,3,1
936,54,17830160,5382794,52,737,20,1,2,1,0
937,50,3960826,25100710,36,837,3,0,2,2,1
938,39,4844664,7699144,39,449,6,1,1,2,1
939,38,4613275,22475929,44,307,25,0,1,1,1
940,23,3378369,8867791,8,328,14,1,2,2,1
941,23,4090212,21567544,13,595,17,0,3,1,1
942,21,7230852,14099507,28,639,11,0,0,2,1
943,47,22948990,13285500,19,738,16,1,0,2,0
944,28,12630592,14246601,32,443,0,1,2,1,1
945,47,2152999,28428913,59,818,10,0,1,1,1
946,48,23320139,6289730,34,344,27,1,3,3,0
947,41,6600108,12850700,44,538,0,0,2,1,1
948,26,13393942,22214826,58,454,14,0,0,1,1
949,20,4854190,4239536,44,480,27,0,4,3,0
950,48,3284382,16341821,6,514,20,1,1,1,1
951,57,9196042,3326133,22,387,9,0,4,1,0
952,54,5853321,11128069,46,555,6,1,2,3,1
953,53,15676226,11538832,35,810,1,0,0,1,0
954,41,21432053,8948140,58,372,9,1,3,1,0
955,48,13872847,6720626,18,478,23,1,4,3,0
956,23,19819593,14654772,26,511,3,0,3,3,0
957,19,16882396,7221714,24,533,11,1,0,2,0
958,37,6577033,7374825,58,764,18,0,4,1,0
959,45,24883147,6005858,24,522,25,0,3,2,0
960,28,5257181,24805938,30,563,10,0,3,2,1
961,21,24039912,9221252,27,506,7,0,4,3,0
962,32,7154048,26752924,36,665,17,0,0,1,1
963,23,19700996,4415871,22,575,10,1,3,1,0
964,47,10361735,28547556,28,679,10,0,2,3,1
965,55,16048203,19655187,37,608,12,1,4,2,0
966,19,17686144,25774704,15,567,2,1,1,3,0
967,32,12856760,24591828,15,363,11,0,1,1,1
968,28,14796479,22740617,41,649,2,1,0,3,0
969,25,17275987,28515140,13,793,9,0,2,1,0
970,43,20720027,13429667,59,822,26,1,3,2,0
971,62,19075306,3866757,57,397,16,1,1,1,0
972,61,10705956,27502745,25,370,21,1,0,2,1
973,22,24203054,11636547,37,663,1,0,2,2,0
974,23,11714891,13743293,55,575,16,1,2,1,0
975,43,4320688,6913318,19,349,15,0,0,1,1
976,21,3805808,24518502,55,657,1,1,0,2,1
977,36,11709175,19355185,33,784,27,1,3,3,0
978,37,6220459,14487010,51,383,21,1,0,1,1
979,50,6536119,13651832,57,595,29,1,3,2,1
980,37,22792686,12135784,58,535,19,0,3,2,0
981,29,6654798,12416757,29,355,5,0,4,3,1
982,64,16829445,28804333,20,659,27,1,2,1,0
983,18,13666027,4651387,27,409,24,1,2,2,0
984,43,5622138,28270507,35,491,28,0,2,3,1
985,31,12929084,11916027,9,392,9,0,4,2,0
986,55,14617619,2711672,18,359,27,0,3,1,0
987,54,19715057,6905950,28,338,9,0,3,3,0
988,28,11955661,4212883,13,839,7,1,0,2,0
989,53,12305153,4028631,23,348,0,1,4,3,0
990,30,21621156,15218200,17,719,12,0,0,1,0
991,60,22709657,15987811,36,312,23,0,4,3,0
992,20,3207068,25009428,19,335,8,0,0,1,1
993,50,23141622,28736989,39,400,21,0,1,2,0
994,23,3386980,7423959,23,385,9,0,2,1,1
995,27,19985268,11167147,39,815,14,0,2,2,0
996,22,13244602,24761513,16,522,4,1,3,2,1
997,40,17702852,5024733,46,637,21,1,1,1,0
998,27,9500960,22636437,17,465,15,1,2,2,1
999,61,12781901,17721115,54,682,12,0,3,3,0
1000,19,5040267,10802630,20,675,21,0,1,2,1
